INSERT INTO `users`
    (id, name, email, hashed_password, created)
values (1, 'Borden Riste', 'briste0@angelfire.com', '$2a$12$PJwBrPvxN5XZ/O/coxgKQetAmWFdttABraVZvK5cKWoAUfqNCxEgm',
        '2019-07-28 12:17:47'),                                                                 #lMvZARjM3pwe
       (2, 'Trish Hothersall', 'thothersall1@miitbeian.gov.cn',
        '$2a$12$lqAeWMLzqrVVDyP4yV5rCeWY5x5Lv.XiOvEYKXL2e2SPoGNWbSor6', '2019-03-01 02:45:15'), #FhNQD7
       (3, 'Jean Ashling', 'jashling2@photobucket.com', '$2a$12$TVODlqeWg8OUqOcCpx7Ru.8AbfsvazWGWiKnpK4qcqB2aTE.62XjS',
        '2019-11-07 01:19:15'),                                                                 #JV69T0PDRXEp
       (4, 'Merrill Wilcott', 'mwilcott3@123-reg.co.uk', '$2a$12$Vs4mJmOkPG2sCmTOq72sVOtZa9jgW/voQjviYDuEx6xu4L2pwexTC',
        '2019-05-20 22:13:20'),                                                                 #lKfbeN
       (5, 'Kali Bembrick', 'kbembrick4@4shared.com', '$2a$12$WskbCfrEdAEt100O8HwOpek1cegohUQXQ0eSoQTMOaK8lKIcHVdQ.',
        '2019-02-07 01:44:08'),                                                                 #yAKfIMDox
       (6, 'Katuscha Guillou', 'kguillou5@ameblo.jp', '$2a$12$3wkWwYJNLp.lkiyk61FQVOTQjLB8jCwU5vs1ifCdidq8MWmpZkAo6',
        '2019-03-21 18:01:40'),                                                                 #K4rI9InT
       (7, 'Sena Huggons', 'shuggons6@weather.com', '$2a$12$Mli.IUZxONcdRKsivrznaeZbsf.3E2PYT1JvQ/V1DWEW7e/r0kBzW',
        '2019-11-18 04:28:20'),                                                                 #v0lFfCQcpz
       (8, 'Rosana Ryburn', 'rryburn7@amazon.co.jp', '$2a$12$EUGudUsC42TC.P.uUZxNjexsuFw5SjWUUB8JmFIMSx42BohIxGWqy',
        '2019-03-17 04:57:12'),                                                                 #LEj8pO0bN
       (9, 'Maurice Gillaspy', 'mgillaspy8@clickbank.net',
        '$2a$12$CDvuGH/ynACdaP2AxggTeeIis5BAEkXl65omwgnQ8q/lBSaG1vMjm', '2019-03-26 08:23:15'), #z0gZfuDL7m
       (10, 'Leonidas Emmins', 'lemmins9@etsy.com', '$2a$12$BHwtIQuAi5GlJHMxdQjFIOJ85UEjAQbr2v4V4YGLYthQ96bMYtzoi',
        '2019-10-23 00:07:46'); #5qWM57PNKop

INSERT INTO `account_groups` (id, name, description, can_overdraw)
values (1, 'H2O Plus', null, false),
       (2, 'A-S Medication Solutions LLC', 'E.E.S', true),
       (3, 'Mylan Pharmaceuticals Inc.', null, false),
       (4, 'Mylan Pharmaceuticals Inc.', 'Enalapril Maleate and Hydrochlorothiazide', false),
       (5, 'REMEDYREPACK INC.', 'CELEBREX', false),
       (6, 'H E B', 'night time', false),
       (7, 'PSS World Medical, Inc.', null, true),
       (8, 'Kareway Product, Inc.', 'Acetaminophen', true),
       (9, 'Pharmacia and Upjohn Company', null, false),
       (10, 'Dolgencorp, Inc. (DOLLAR GENERAL & REXALL)', 'Allergy Relief', true);


INSERT INTO accounts(id, name, description, saldo, group_id, nfc_chip_uid)
VALUES (1, 'Laverne Blackstock', 'Itchy Eye', 436, 7, 'Hv8mnajqzIKO'),
       (2, 'Misha Blowfelde', '', 449, 5, '0XPPQy4ZkO7'),
       (3, 'Winnie Rennolds', 'Ofloxacin', 436, 6, 'ofzGN0eS2K'),
       (4, 'Gordy Johnson', '', 462, 3, 'KTehLLhT'),
       (5, 'Kessia Spadollini', 'Alcohol Prep Pad', 421, 8, 'YxN57MH6'),
       (6, 'Haley Waker', '', 487, 7, '5putPvT'),
       (7, 'Yolanda Pelos', 'Rodan And Fields Essentials Lip Shield SPF 25', 523, 5, 'bFJxlWF'),
       (8, 'Melisa Josowitz', '', 461, 9, 'FsBhsEwr'),
       (9, 'Matias Beininck', '', 466, 8, '0E9wTFbJ'),
       (10, 'Rachele Steptowe', '', 383, 8, 'D54UACeRRMNJ'),
       (11, 'Lynea Habberjam', '', 449, 9, 'uSe3Sj'),
       (12, 'Jarret Herculson', '', 442, 4, 'V5SadofJww3'),
       (13, 'Kristin Cicullo', 'B.S.C AMPUL', 373, 1, 'DseWgH8AA1l'),
       (14, 'Berta Radborne', '', 452, 9, 'oz2nuvTUMK'),
       (15, 'Virgina Stairmond', '', 400, 9, 'nt9th6L7eD'),
       (16, 'Rubi Howey', 'Perrigo Hydroquinone', 508, 4, 'aagVbL'),
       (17, 'Shanna Ace', 'Glipizide', 466, 9, 'RIL1IVl'),
       (18, 'Aluin Cunnah', 'KADIAN', 361, 1, 'WNPZMY'),
       (19, 'Gabriell Nunnerley', '', 431, 1, 'Jzdvpr'),
       (20, 'Florida Duesberry', '', 495, 9, 'rKlqNQsxt'),
       (21, 'Turner Tutton', '', 424, 2, 'LECCoD'),
       (22, 'Abbi Usher', 'Pravastatin Sodium', 485, 8, 'hXTuAvFk'),
       (23, 'Winona Pebworth', '', 440, 9, 'LouoW9Joku'),
       (24, 'Horace Barnewell', 'Trout', 407, 6, 'tbaoWaYXbc'),
       (25, 'Garrard Dreakin', '', 346, 9, 'I7oixdv'),
       (26, 'Stafford Brewin', 'Constitutional Enhancer', 431, 3, 'dLz85N6'),
       (27, 'Kizzee Pinhorn', 'Cysto-Conray II', 439, 4, 'E3Fnu0oKgBC'),
       (28, 'Margaret Richie', 'Eye Irrigating', 479, 2, '0H34T9NR'),
       (29, 'Adey Ferfulle', 'Acetylcholine Chloride', 429, 2, 'PXJfRBm'),
       (30, 'Rollins Fullard', '', 424, 10, '2OKpbD3'),
       (31, 'Wallache Bachelor', 'Clindamycin Hydrochloride', 430, 9, 'htiB3siU'),
       (32, 'Renaud Delacroux', '', 496, 1, 'nieCIfe'),
       (33, 'Cassie Praundlin', '', 448, 9, 'Y8OSKZcIX9'),
       (34, 'Alida Burkert', '', 392, 3, 'jn8UCSuJK'),
       (35, 'Geoff Cornejo', '', 439, 1, 'Uo57KDmf'),
       (36, 'Margaux MacMenamy', '', 456, 2, 'kR8FeFup7'),
       (37, 'Hugh Cunnell', 'Nitrotan', 466, 1, 'eJZHaCH'),
       (38, 'Carissa Whitbread', '', 446, 3, '7Hr4N8G3'),
       (39, 'Malia MacElholm', '', 432, 9, 'pyFmknSCsI2'),
       (40, 'Eugenius Odell', 'BRIGHTER BY NATURE', 477, 2, 'QlRKt1rwd'),
       (41, 'Alfy Pietroni', 'SENSAI CELLULAR PERFORMANCE POWDER FOUNDATION', 428, 2, 'bGK06Cy'),
       (42, 'Michele Ondrus', '', 364, 8, 'QbJuR2kx'),
       (43, 'Ulla Risbridge', '', 447, 4, 'eOPZIlyhkF'),
       (44, 'Hermione Forsaith', 'Degree', 401, 5, 'D5KMsugN9'),
       (45, 'Patrice Kigelman', 'equaline nicotine', 388, 7, 'Q65typehDim'),
       (46, 'Augy Scraney', 'Baclofen', 359, 3, 'EQlaU7g'),
       (47, 'Massimiliano Fender', '', 375, 7, 'npzeiAR42qN'),
       (48, 'Maria Grass', '4 in 1 Pressed Mineral SPF 15 Light', 468, 5, 'GBnDATCxBL'),
       (49, 'Francois Dener', 'topcare cold and flu night time', 415, 4, 'XAsvh8'),
       (50, 'Sebastiano Purselowe', '', 411, 3, 'udvVRbEIDcR5'),
       (51, 'Helenelizabeth Aleksidze', 'CULTIVATED OATS POLLEN', 504, 6, 'XER4ZcTHbj'),
       (52, 'Renate Gooding', 'Hydroxyzine Hydrochloride', 342, 2, 'kua3XON'),
       (53, 'Breanne Tradewell', 'Risperidone', 466, 10, 'bpJmnF'),
       (54, 'Conrad Rodenburgh', 'Methocarbamol', 449, 5, 'z6EZ749'),
       (55, 'Alfonse Jervis', '', 379, 7, 'LFQ9NA'),
       (56, 'Perceval Strafen', 'ORFADIN', 442, 5, 'bSyAHkd'),
       (57, 'Edmund Jerams', 'Lamotrigine', 447, 8, 'kCodfKMsEw'),
       (58, 'Quinton Howieson', 'Ciprofloxacin', 397, 7, 'FI791LwJnq'),
       (59, 'Keith Lafontaine', 'Incruse Ellipta', 480, 3, 'x3813cogAAT'),
       (60, 'Casey Clapton', '', 414, 7, 'Nt6MCa62z'),
       (61, 'Loraine Fulleylove', '', 420, 4, 'GnvkxG'),
       (62, 'Cherlyn Kahane', 'FOSINOPRIL Na', 435, 2, '9UK6OkGm3'),
       (63, 'Dinah Bolan', '', 423, 5, 'VGEmEmFNzhV'),
       (64, 'Deina Burchall', '', 468, 8, 'dLM8PM2n'),
       (65, 'Roana Grady', 'Thermazene', 442, 1, 'u1egQQtK'),
       (66, 'Fabiano Hablet', '', 441, 5, 'AH7OkVugcEhM'),
       (67, 'Jeralee Terbeek', 'Dr Smiths Diaper Rash', 443, 5, 'HrLL5F'),
       (68, 'Early Iscowitz', '', 464, 2, 'a7Z7Vpu'),
       (69, 'Mortie Wilshire', 'Muscle and Joint', 379, 6, 'WzblXiiz'),
       (70, 'Teri Trosdall', '', 406, 10, 'rihk0T2'),
       (71, 'Ronna Farron', '', 424, 10, 'Rag5Xj9'),
       (72, 'Jerrold Sincock', 'Protex', 434, 10, 'g5RmkbUEJpzK'),
       (73, 'Merlina Gallagher', '', 485, 1, 'y0uh7p5lrc'),
       (74, 'Mendel Frantsev', '', 412, 7, 'zDpiOdoYU'),
       (75, 'Finlay Woollhead', '', 456, 10, 'SBIT7Y2Q'),
       (76, 'Pennie Di Biasi', '', 421, 10, 'KynMjpY9X'),
       (77, 'Randa Bernard', 'Corn Smut', 484, 1, 'rShbgKX3'),
       (78, 'Marys Crother', '', 358, 2, 'z7d4Con'),
       (79, 'Kaela Crosser', '', 458, 1, 'PtjPRh'),
       (80, 'Bud Sinderland', 'Russian Olive', 492, 3, '2TuFZZhDnm7X'),
       (81, 'Sylvester Faull', '', 414, 5, 'u6DLWJWd68'),
       (82, 'Margery Vasin', 'UltrasolSunscreen', 416, 3, 'zxxqWvq28d8'),
       (83, 'Madlin Readman', 'allergy relief', 355, 4, 'rnVDbdk'),
       (84, 'Desmond Scheffel', 'Wingscale', 416, 4, 'pki3p7Aia2yc'),
       (85, 'Mehetabel Ratley', '', 406, 7, 'LGY2xDU'),
       (86, 'Sebastian Sarver', 'Folic Acid', 375, 8, 'Kqt4Z5C'),
       (87, 'Jordan Yellep', '', 491, 2, 'ZWuQP61Fb'),
       (88, 'Adelle Pigeon', 'Acetaminophen', 424, 8, 'p2smYz0j'),
       (89, 'Woody Croall', 'Voltaren', 419, 10, 'CldYbsh7'),
       (90, 'Dorey Netherclift', '', 489, 6, 'wMCzJKBbXB'),
       (91, 'Fidole Scothorne', 'Asprin', 442, 2, '5RIt0F'),
       (92, 'Hewet Haddy', '', 384, 5, 'OqQoW3O'),
       (93, 'Lena Plummer', '', 416, 2, 'Vz8oIu2'),
       (94, 'Efrem Tarpey', 'Propranolol Hydrochloride', 475, 9, 'PmPOGQDHN'),
       (95, 'Maurizio Golds', '', 393, 6, 'ITrhGELoRES'),
       (96, 'Nero Tuffley', 'LIPOFEN', 456, 7, 'qiLEpMFd'),
       (97, 'Rosamond Odo', '', 445, 5, 'WtOC94iQ0dM'),
       (98, 'Isacco Serrier', '', 412, 3, 'ZpRsq1DZ'),
       (99, 'Doralyn Sharman', 'Rivastigmine Tartrate', 433, 4, 'ObzBYgybHWR'),
       (100, 'Jedd Wederell', 'Omega 3 Targeted Relief', 484, 2, 'znvwE1VKuoz');

INSERT INTO transactions(id, amount, account_id, created, old_saldo, new_saldo)
VALUES (1, 1, 20, '2018-12-10 01:58:06', 540, 539),
       (2, 7, 70, '2018-12-10 04:10:15', 540, 533),
       (3, 10, 69, '2018-12-10 11:06:01', 540, 530),
       (4, 15, 88, '2018-12-10 19:19:48', 540, 525),
       (5, 13, 89, '2018-12-11 04:11:56', 540, 527),
       (6, 3, 30, '2018-12-11 06:00:38', 540, 537),
       (7, 10, 85, '2018-12-11 11:37:26', 540, 530),
       (8, 20, 23, '2018-12-11 16:08:04', 540, 520),
       (9, 12, 59, '2018-12-11 20:49:28', 540, 528),
       (10, 19, 21, '2018-12-12 08:57:22', 540, 521),
       (11, 6, 96, '2018-12-12 10:15:52', 540, 534),
       (12, 14, 85, '2018-12-12 21:49:49', 530, 516),
       (13, 5, 36, '2018-12-13 03:38:16', 540, 535),
       (14, 14, 17, '2018-12-13 09:04:55', 540, 526),
       (15, 8, 99, '2018-12-13 20:20:37', 540, 532),
       (16, 2, 40, '2018-12-14 01:39:22', 540, 538),
       (17, 1, 36, '2018-12-14 06:36:24', 535, 534),
       (18, 4, 35, '2018-12-14 11:11:55', 540, 536),
       (19, 12, 75, '2018-12-14 11:23:46', 540, 528),
       (20, 1, 62, '2018-12-14 13:11:16', 540, 539),
       (21, 6, 66, '2018-12-15 02:00:53', 540, 534),
       (22, 15, 57, '2018-12-16 16:05:28', 540, 525),
       (23, 2, 86, '2018-12-16 22:11:25', 540, 538),
       (24, 2, 86, '2018-12-16 22:21:11', 538, 536),
       (25, 9, 97, '2018-12-17 02:02:41', 540, 531),
       (26, 20, 36, '2018-12-17 07:01:18', 534, 514),
       (27, 3, 47, '2018-12-17 08:02:46', 540, 537),
       (28, 3, 50, '2018-12-17 13:54:27', 540, 537),
       (29, 13, 83, '2018-12-17 14:50:49', 540, 527),
       (30, 17, 21, '2018-12-18 12:41:10', 521, 504),
       (31, 17, 92, '2018-12-18 16:28:26', 540, 523),
       (32, 18, 65, '2018-12-18 22:12:40', 540, 522),
       (33, 16, 23, '2018-12-19 04:55:46', 520, 504),
       (34, 10, 65, '2018-12-19 13:30:13', 522, 512),
       (35, 19, 89, '2018-12-19 21:05:07', 527, 508),
       (36, 9, 4, '2018-12-20 01:57:11', 540, 531),
       (37, 11, 50, '2018-12-20 10:33:05', 537, 526),
       (38, 11, 26, '2018-12-21 01:22:01', 540, 529),
       (39, 13, 45, '2018-12-21 16:50:08', 540, 527),
       (40, 20, 91, '2018-12-22 01:16:40', 540, 520),
       (41, 3, 27, '2018-12-22 04:35:09', 540, 537),
       (42, 1, 13, '2018-12-22 05:30:06', 540, 539),
       (43, 1, 100, '2018-12-22 08:55:53', 540, 539),
       (44, 15, 55, '2018-12-22 13:29:20', 540, 525),
       (45, 20, 31, '2018-12-22 14:16:29', 540, 520),
       (46, 5, 33, '2018-12-23 04:59:56', 540, 535),
       (47, 1, 23, '2018-12-23 15:33:24', 504, 503),
       (48, 18, 45, '2018-12-24 04:15:30', 527, 509),
       (49, 3, 37, '2018-12-24 08:44:05', 540, 537),
       (50, 18, 95, '2018-12-24 14:17:37', 540, 522),
       (51, 7, 52, '2018-12-24 21:08:34', 540, 533),
       (52, 3, 93, '2018-12-25 03:14:52', 540, 537),
       (53, 9, 30, '2018-12-26 04:42:52', 537, 528),
       (54, 4, 72, '2018-12-26 12:04:10', 540, 536),
       (55, 14, 67, '2018-12-26 13:31:15', 540, 526),
       (56, 7, 8, '2018-12-26 17:54:52', 540, 533),
       (57, 6, 56, '2018-12-26 22:44:33', 540, 534),
       (58, 16, 90, '2018-12-27 09:57:01', 540, 524),
       (59, 2, 33, '2018-12-27 13:59:40', 535, 533),
       (60, 1, 65, '2018-12-28 01:24:06', 512, 511),
       (61, 9, 79, '2018-12-28 13:59:28', 540, 531),
       (62, 13, 1, '2018-12-29 16:28:42', 540, 527),
       (63, 20, 60, '2018-12-29 19:06:24', 540, 520),
       (64, 14, 54, '2018-12-29 19:17:43', 540, 526),
       (65, 17, 58, '2018-12-30 03:15:57', 540, 523),
       (66, 11, 42, '2018-12-30 13:05:22', 540, 529),
       (67, 19, 34, '2018-12-30 15:03:54', 540, 521),
       (68, 10, 49, '2018-12-30 15:06:53', 540, 530),
       (69, 18, 52, '2018-12-30 16:41:00', 533, 515),
       (70, 5, 11, '2018-12-31 11:35:20', 540, 535),
       (71, 8, 54, '2019-01-01 03:58:21', 526, 518),
       (72, 5, 15, '2019-01-01 04:34:16', 540, 535),
       (73, 6, 9, '2019-01-01 11:44:09', 540, 534),
       (74, 17, 97, '2019-01-02 04:27:43', 531, 514),
       (75, 2, 74, '2019-01-02 15:09:12', 540, 538),
       (76, 9, 47, '2019-01-02 15:51:04', 537, 528),
       (77, 15, 48, '2019-01-02 20:36:52', 540, 525),
       (78, 15, 8, '2019-01-02 21:38:21', 533, 518),
       (79, 4, 3, '2019-01-03 03:37:04', 540, 536),
       (80, 3, 51, '2019-01-03 07:11:55', 540, 537),
       (81, 13, 3, '2019-01-03 23:02:23', 536, 523),
       (82, 20, 87, '2019-01-04 05:48:09', 540, 520),
       (83, 16, 66, '2019-01-04 14:43:50', 534, 518),
       (84, 11, 81, '2019-01-04 22:15:21', 540, 529),
       (85, 18, 62, '2019-01-05 18:25:07', 539, 521),
       (86, 16, 24, '2019-01-05 20:47:53', 540, 524),
       (87, 10, 41, '2019-01-06 09:50:38', 540, 530),
       (88, 19, 80, '2019-01-06 15:36:39', 540, 521),
       (89, 15, 71, '2019-01-07 07:40:30', 540, 525),
       (90, 11, 47, '2019-01-07 16:38:47', 528, 517),
       (91, 15, 16, '2019-01-07 20:55:51', 540, 525),
       (92, 7, 4, '2019-01-07 22:39:53', 531, 524),
       (93, 19, 81, '2019-01-07 23:20:38', 529, 510),
       (94, 10, 84, '2019-01-08 03:46:39', 540, 530),
       (95, 3, 69, '2019-01-08 20:01:46', 530, 527),
       (96, 5, 63, '2019-01-08 21:24:13', 540, 535),
       (97, 2, 37, '2019-01-09 00:35:15', 537, 535),
       (98, 12, 98, '2019-01-10 23:28:52', 540, 528),
       (99, 4, 70, '2019-01-11 20:43:05', 533, 529),
       (100, 3, 17, '2019-01-12 17:28:31', 526, 523),
       (101, 13, 12, '2019-01-13 05:22:21', 540, 527),
       (102, 13, 47, '2019-01-13 06:35:05', 517, 504),
       (103, 10, 15, '2019-01-13 08:43:49', 535, 525),
       (104, 8, 79, '2019-01-13 21:09:25', 531, 523),
       (105, 6, 35, '2019-01-14 04:18:12', 536, 530),
       (106, 18, 37, '2019-01-14 10:16:11', 535, 517),
       (107, 17, 52, '2019-01-15 09:57:47', 515, 498),
       (108, 14, 15, '2019-01-16 01:49:41', 525, 511),
       (109, 2, 22, '2019-01-16 11:03:02', 540, 538),
       (110, 13, 53, '2019-01-16 19:31:43', 540, 527),
       (111, 9, 3, '2019-01-17 02:07:10', 523, 514),
       (112, 16, 67, '2019-01-17 13:54:10', 526, 510),
       (113, 6, 42, '2019-01-18 07:13:00', 529, 523),
       (114, 20, 45, '2019-01-18 14:01:22', 509, 489),
       (115, 9, 13, '2019-01-18 16:27:05', 539, 530),
       (116, 12, 31, '2019-01-18 19:31:29', 520, 508),
       (117, 11, 11, '2019-01-18 19:37:28', 535, 524),
       (118, 5, 31, '2019-01-18 23:46:58', 508, 503),
       (119, 19, 52, '2019-01-19 10:29:52', 498, 479),
       (120, 6, 88, '2019-01-19 22:17:17', 525, 519),
       (121, 2, 15, '2019-01-20 09:11:55', 511, 509),
       (122, 12, 98, '2019-01-21 11:22:06', 528, 516),
       (123, 20, 57, '2019-01-21 12:16:02', 525, 505),
       (124, 12, 70, '2019-01-21 13:19:11', 529, 517),
       (125, 2, 35, '2019-01-21 21:35:34', 530, 528),
       (126, 11, 57, '2019-01-21 23:26:10', 505, 494),
       (127, 6, 5, '2019-01-22 15:45:33', 540, 534),
       (128, 13, 94, '2019-01-22 19:10:03', 540, 527),
       (129, 17, 69, '2019-01-23 05:09:57', 527, 510),
       (130, 12, 34, '2019-01-23 09:36:26', 521, 509),
       (131, 19, 46, '2019-01-24 04:12:52', 540, 521),
       (132, 12, 91, '2019-01-24 08:57:59', 520, 508),
       (133, 8, 62, '2019-01-24 14:59:12', 521, 513),
       (134, 10, 27, '2019-01-24 20:04:57', 537, 527),
       (135, 15, 68, '2019-01-25 05:23:27', 540, 525),
       (136, 19, 82, '2019-01-25 11:15:53', 540, 521),
       (137, 20, 55, '2019-01-25 12:51:41', 525, 505),
       (138, 2, 31, '2019-01-26 00:01:10', 503, 501),
       (139, 16, 47, '2019-01-26 00:42:20', 504, 488),
       (140, 19, 72, '2019-01-26 09:48:35', 536, 517),
       (141, 12, 71, '2019-01-26 20:10:24', 525, 513),
       (142, 8, 38, '2019-01-26 23:13:40', 540, 532),
       (143, 10, 78, '2019-01-27 00:41:14', 540, 530),
       (144, 16, 24, '2019-01-27 01:18:21', 524, 508),
       (145, 19, 33, '2019-01-27 08:52:42', 533, 514),
       (146, 12, 6, '2019-01-27 09:02:26', 540, 528),
       (147, 8, 31, '2019-01-28 03:14:01', 501, 493),
       (148, 7, 21, '2019-01-30 07:22:58', 504, 497),
       (149, 15, 39, '2019-01-30 10:41:07', 540, 525),
       (150, 19, 63, '2019-01-30 18:20:04', 535, 516),
       (151, 7, 54, '2019-01-31 06:52:26', 518, 511),
       (152, 9, 46, '2019-02-01 04:03:58', 521, 512),
       (153, 20, 47, '2019-02-01 11:06:12', 488, 468),
       (154, 9, 89, '2019-02-02 05:27:24', 508, 499),
       (155, 18, 71, '2019-02-02 13:54:57', 513, 495),
       (156, 20, 14, '2019-02-03 08:18:13', 540, 520),
       (157, 16, 52, '2019-02-03 17:11:26', 479, 463),
       (158, 19, 31, '2019-02-04 08:54:28', 493, 474),
       (159, 13, 3, '2019-02-04 10:38:03', 514, 501),
       (160, 7, 40, '2019-02-05 02:36:38', 538, 531),
       (161, 2, 51, '2019-02-05 06:55:06', 537, 535),
       (162, 11, 73, '2019-02-05 13:11:29', 540, 529),
       (163, 6, 33, '2019-02-05 14:24:29', 514, 508),
       (164, 20, 61, '2019-02-05 15:48:31', 540, 520),
       (165, 4, 10, '2019-02-05 16:43:23', 540, 536),
       (166, 5, 69, '2019-02-06 05:54:48', 510, 505),
       (167, 8, 51, '2019-02-06 09:10:43', 535, 527),
       (168, 8, 65, '2019-02-07 01:30:05', 511, 503),
       (169, 16, 18, '2019-02-07 05:46:48', 540, 524),
       (170, 17, 56, '2019-02-07 21:00:36', 534, 517),
       (171, 4, 53, '2019-02-08 03:48:07', 527, 523),
       (172, 17, 18, '2019-02-08 05:01:38', 524, 507),
       (173, 4, 78, '2019-02-08 19:48:41', 530, 526),
       (174, 5, 16, '2019-02-08 22:48:38', 525, 520),
       (175, 4, 86, '2019-02-09 00:08:15', 536, 532),
       (176, 20, 2, '2019-02-09 16:44:50', 540, 520),
       (177, 3, 60, '2019-02-10 07:01:37', 520, 517),
       (178, 4, 55, '2019-02-10 19:13:25', 505, 501),
       (179, 5, 31, '2019-02-11 07:02:24', 474, 469),
       (180, 10, 55, '2019-02-11 21:47:46', 501, 491),
       (181, 9, 28, '2019-02-12 09:17:38', 540, 531),
       (182, 9, 10, '2019-02-13 05:46:34', 536, 527),
       (183, 2, 17, '2019-02-13 11:02:20', 523, 521),
       (184, 13, 4, '2019-02-13 12:58:53', 524, 511),
       (185, 15, 27, '2019-02-13 17:05:07', 527, 512),
       (186, 6, 49, '2019-02-13 22:17:51', 530, 524),
       (187, 16, 77, '2019-02-14 01:53:25', 540, 524),
       (188, 8, 56, '2019-02-14 19:50:30', 517, 509),
       (189, 20, 22, '2019-02-14 21:42:55', 538, 518),
       (190, 18, 93, '2019-02-15 03:39:34', 537, 519),
       (191, 6, 83, '2019-02-15 11:39:40', 527, 521),
       (192, 15, 2, '2019-02-16 08:16:52', 520, 505),
       (193, 2, 45, '2019-02-16 10:48:34', 489, 487),
       (194, 1, 79, '2019-02-17 01:59:34', 523, 522),
       (195, 13, 89, '2019-02-18 23:45:46', 499, 486),
       (196, 9, 51, '2019-02-19 13:48:02', 527, 518),
       (197, 15, 15, '2019-02-20 00:26:37', 509, 494),
       (198, 14, 44, '2019-02-21 01:32:37', 540, 526),
       (199, 4, 70, '2019-02-21 08:38:19', 517, 513),
       (200, 17, 39, '2019-02-21 09:57:54', 525, 508),
       (201, 14, 38, '2019-02-21 18:15:24', 532, 518),
       (202, 12, 21, '2019-02-22 11:48:46', 497, 485),
       (203, 20, 64, '2019-02-22 14:06:06', 540, 520),
       (204, 16, 91, '2019-02-22 23:58:01', 508, 492),
       (205, 12, 60, '2019-02-23 00:12:46', 517, 505),
       (206, 15, 52, '2019-02-23 03:59:27', 463, 448),
       (207, 5, 49, '2019-02-23 10:42:24', 524, 519),
       (208, 1, 65, '2019-02-23 14:52:55', 503, 502),
       (209, 12, 3, '2019-02-24 00:16:41', 501, 489),
       (210, 12, 19, '2019-02-24 01:51:58', 540, 528),
       (211, 5, 60, '2019-02-24 11:05:27', 505, 500),
       (212, 14, 30, '2019-02-24 18:03:26', 528, 514),
       (213, 20, 60, '2019-02-24 19:51:20', 500, 480),
       (214, 1, 84, '2019-02-25 11:25:41', 530, 529),
       (215, 2, 90, '2019-02-25 15:02:56', 524, 522),
       (216, 7, 44, '2019-02-25 21:19:53', 526, 519),
       (217, 16, 14, '2019-02-26 11:12:29', 520, 504),
       (218, 8, 76, '2019-02-27 17:51:59', 540, 532),
       (219, 11, 25, '2019-02-27 21:50:02', 540, 529),
       (220, 6, 21, '2019-02-27 22:09:43', 485, 479),
       (221, 20, 46, '2019-02-27 22:39:30', 512, 492),
       (222, 15, 14, '2019-03-01 00:14:57', 504, 489),
       (223, 19, 44, '2019-03-01 03:07:18', 519, 500),
       (224, 14, 86, '2019-03-02 12:20:28', 532, 518),
       (225, 1, 53, '2019-03-03 20:16:59', 523, 522),
       (226, 11, 14, '2019-03-03 20:35:25', 489, 478),
       (227, 13, 21, '2019-03-04 01:29:33', 479, 466),
       (228, 20, 82, '2019-03-04 05:15:21', 521, 501),
       (229, 11, 99, '2019-03-04 11:02:10', 532, 521),
       (230, 19, 86, '2019-03-04 11:07:57', 518, 499),
       (231, 6, 38, '2019-03-04 21:31:40', 518, 512),
       (232, 16, 49, '2019-03-05 04:16:04', 519, 503),
       (233, 15, 41, '2019-03-05 06:52:27', 530, 515),
       (234, 12, 92, '2019-03-05 14:24:04', 523, 511),
       (235, 20, 78, '2019-03-05 18:26:01', 526, 506),
       (236, 1, 59, '2019-03-05 22:09:55', 528, 527),
       (237, 11, 1, '2019-03-06 23:54:11', 527, 516),
       (238, 6, 27, '2019-03-07 20:31:49', 512, 506),
       (239, 1, 96, '2019-03-08 03:19:02', 534, 533),
       (240, 2, 67, '2019-03-08 06:18:43', 510, 508),
       (241, 1, 100, '2019-03-08 14:33:12', 539, 538),
       (242, 12, 79, '2019-03-08 19:15:56', 522, 510),
       (243, 14, 46, '2019-03-09 04:58:26', 492, 478),
       (244, 12, 82, '2019-03-09 09:46:33', 501, 489),
       (245, 1, 28, '2019-03-09 15:55:24', 531, 530),
       (246, 9, 47, '2019-03-09 21:26:22', 468, 459),
       (247, 10, 72, '2019-03-09 23:19:52', 517, 507),
       (248, 10, 13, '2019-03-10 08:48:53', 530, 520),
       (249, 7, 27, '2019-03-10 20:13:18', 506, 499),
       (250, 13, 49, '2019-03-11 00:11:43', 503, 490),
       (251, 4, 49, '2019-03-11 07:55:21', 490, 486),
       (252, 10, 79, '2019-03-11 10:08:25', 510, 500),
       (253, 13, 46, '2019-03-11 10:19:32', 478, 465),
       (254, 16, 84, '2019-03-11 11:10:53', 529, 513),
       (255, 6, 18, '2019-03-11 14:15:08', 507, 501),
       (256, 15, 92, '2019-03-11 22:26:18', 511, 496),
       (257, 12, 47, '2019-03-12 03:25:03', 459, 447),
       (258, 19, 60, '2019-03-12 06:12:07', 480, 461),
       (259, 13, 91, '2019-03-12 09:38:28', 492, 479),
       (260, 7, 50, '2019-03-12 12:02:20', 526, 519),
       (261, 1, 60, '2019-03-13 14:45:11', 461, 460),
       (262, 19, 93, '2019-03-13 20:50:18', 519, 500),
       (263, 15, 94, '2019-03-14 10:35:16', 527, 512),
       (264, 18, 31, '2019-03-14 12:42:38', 469, 451),
       (265, 1, 61, '2019-03-14 21:12:24', 520, 519),
       (266, 7, 33, '2019-03-14 21:29:30', 508, 501),
       (267, 10, 75, '2019-03-15 18:16:15', 528, 518),
       (268, 9, 38, '2019-03-16 04:23:32', 512, 503),
       (269, 4, 13, '2019-03-16 08:47:43', 520, 516),
       (270, 19, 88, '2019-03-17 01:39:57', 519, 500),
       (271, 6, 82, '2019-03-17 01:48:16', 489, 483),
       (272, 4, 25, '2019-03-17 23:16:43', 529, 525),
       (273, 7, 7, '2019-03-18 03:11:31', 540, 533),
       (274, 11, 9, '2019-03-18 23:53:17', 534, 523),
       (275, 3, 57, '2019-03-19 13:41:13', 494, 491),
       (276, 10, 22, '2019-03-19 16:33:46', 518, 508),
       (277, 16, 40, '2019-03-20 05:38:46', 531, 515),
       (278, 13, 91, '2019-03-20 08:42:01', 479, 466),
       (279, 15, 71, '2019-03-22 04:47:46', 495, 480),
       (280, 2, 42, '2019-03-22 17:10:55', 523, 521),
       (281, 4, 33, '2019-03-22 20:39:47', 501, 497),
       (282, 2, 98, '2019-03-23 08:48:09', 516, 514),
       (283, 14, 18, '2019-03-23 14:47:18', 501, 487),
       (284, 11, 70, '2019-03-24 01:29:07', 513, 502),
       (285, 20, 78, '2019-03-24 04:34:48', 506, 486),
       (286, 15, 89, '2019-03-24 07:59:31', 486, 471),
       (287, 8, 3, '2019-03-25 03:59:56', 489, 481),
       (288, 12, 95, '2019-03-25 05:07:13', 522, 510),
       (289, 4, 86, '2019-03-25 13:42:00', 499, 495),
       (290, 20, 92, '2019-03-25 19:52:53', 496, 476),
       (291, 6, 45, '2019-03-26 02:34:31', 487, 481),
       (292, 7, 91, '2019-03-26 03:04:33', 466, 459),
       (293, 19, 53, '2019-03-26 06:24:02', 522, 503),
       (294, 14, 36, '2019-03-26 07:56:32', 514, 500),
       (295, 12, 81, '2019-03-27 02:48:56', 510, 498),
       (296, 8, 72, '2019-03-27 23:57:24', 507, 499),
       (297, 13, 34, '2019-03-28 15:38:18', 509, 496),
       (298, 7, 64, '2019-03-28 19:21:55', 520, 513),
       (299, 16, 52, '2019-03-28 20:38:11', 448, 432),
       (300, 1, 32, '2019-03-29 20:40:41', 540, 539),
       (301, 6, 69, '2019-03-29 22:21:25', 505, 499),
       (302, 14, 82, '2019-03-31 12:56:32', 483, 469),
       (303, 6, 46, '2019-03-31 22:18:10', 465, 459),
       (304, 10, 44, '2019-04-01 13:30:43', 500, 490),
       (305, 20, 67, '2019-04-01 13:39:55', 508, 488),
       (306, 17, 35, '2019-04-01 19:16:29', 528, 511),
       (307, 13, 42, '2019-04-01 21:55:23', 521, 508),
       (308, 18, 59, '2019-04-01 22:20:50', 527, 509),
       (309, 18, 99, '2019-04-02 02:41:00', 521, 503),
       (310, 7, 88, '2019-04-02 11:11:00', 500, 493),
       (311, 8, 98, '2019-04-02 18:13:22', 514, 506),
       (312, 2, 58, '2019-04-02 21:06:46', 523, 521),
       (313, 7, 66, '2019-04-03 06:02:50', 518, 511),
       (314, 1, 53, '2019-04-04 04:00:19', 503, 502),
       (315, 14, 8, '2019-04-04 08:00:12', 518, 504),
       (316, 18, 25, '2019-04-04 12:02:05', 525, 507),
       (317, 6, 11, '2019-04-04 22:43:34', 524, 518),
       (318, 17, 91, '2019-04-05 03:10:38', 459, 442),
       (319, 3, 28, '2019-04-05 12:48:05', 530, 527),
       (320, 9, 48, '2019-04-06 05:08:48', 525, 516),
       (321, 13, 95, '2019-04-06 12:28:25', 510, 497),
       (322, 8, 25, '2019-04-06 16:21:34', 507, 499),
       (323, 9, 39, '2019-04-07 14:04:39', 508, 499),
       (324, 9, 86, '2019-04-07 23:10:43', 495, 486),
       (325, 20, 5, '2019-04-08 10:48:16', 534, 514),
       (326, 17, 29, '2019-04-08 13:12:09', 540, 523),
       (327, 13, 35, '2019-04-08 17:40:37', 511, 498),
       (328, 3, 14, '2019-04-09 19:22:05', 478, 475),
       (329, 12, 21, '2019-04-10 06:32:08', 466, 454),
       (330, 9, 70, '2019-04-10 14:15:44', 502, 493),
       (331, 1, 5, '2019-04-10 18:34:38', 514, 513),
       (332, 3, 9, '2019-04-10 19:49:48', 523, 520),
       (333, 7, 45, '2019-04-10 19:57:34', 481, 474),
       (334, 18, 24, '2019-04-10 20:06:43', 508, 490),
       (335, 11, 84, '2019-04-11 07:31:25', 513, 502),
       (336, 4, 19, '2019-04-12 00:17:05', 528, 524),
       (337, 11, 83, '2019-04-12 17:14:19', 521, 510),
       (338, 19, 32, '2019-04-12 21:17:13', 539, 520),
       (339, 11, 86, '2019-04-13 04:29:04', 486, 475),
       (340, 13, 13, '2019-04-13 05:56:47', 516, 503),
       (341, 5, 63, '2019-04-13 12:58:27', 516, 511),
       (342, 15, 45, '2019-04-14 09:11:17', 474, 459),
       (343, 3, 16, '2019-04-16 22:37:16', 520, 517),
       (344, 12, 96, '2019-04-17 00:04:32', 533, 521),
       (345, 10, 89, '2019-04-17 03:38:32', 471, 461),
       (346, 14, 29, '2019-04-17 11:51:46', 523, 509),
       (347, 13, 86, '2019-04-18 21:35:24', 475, 462),
       (348, 1, 38, '2019-04-18 23:02:48', 503, 502),
       (349, 16, 100, '2019-04-19 10:07:43', 538, 522),
       (350, 12, 95, '2019-04-20 13:46:59', 497, 485),
       (351, 19, 5, '2019-04-21 00:02:05', 513, 494),
       (352, 13, 71, '2019-04-21 05:34:51', 480, 467),
       (353, 14, 37, '2019-04-21 15:02:48', 517, 503),
       (354, 18, 60, '2019-04-21 18:22:33', 460, 442),
       (355, 4, 69, '2019-04-21 21:24:56', 499, 495),
       (356, 20, 46, '2019-04-22 18:26:09', 459, 439),
       (357, 9, 20, '2019-04-22 18:33:48', 539, 530),
       (358, 3, 47, '2019-04-23 21:30:28', 447, 444),
       (359, 9, 48, '2019-04-24 12:06:58', 516, 507),
       (360, 18, 13, '2019-04-25 02:00:44', 503, 485),
       (361, 18, 50, '2019-04-25 02:37:07', 519, 501),
       (362, 8, 12, '2019-04-25 14:45:19', 527, 519),
       (363, 2, 42, '2019-04-25 21:38:21', 508, 506),
       (364, 13, 75, '2019-04-26 03:33:30', 518, 505),
       (365, 14, 45, '2019-04-26 08:15:18', 459, 445),
       (366, 15, 27, '2019-04-26 10:01:05', 499, 484),
       (367, 7, 65, '2019-04-26 14:51:49', 502, 495),
       (368, 10, 69, '2019-04-26 17:33:18', 495, 485),
       (369, 11, 99, '2019-04-27 03:00:05', 503, 492),
       (370, 17, 54, '2019-04-27 10:13:02', 511, 494),
       (371, 17, 95, '2019-04-28 05:23:39', 485, 468),
       (372, 20, 57, '2019-04-28 09:00:03', 491, 471),
       (373, 7, 63, '2019-04-28 11:58:12', 511, 504),
       (374, 12, 82, '2019-04-28 13:54:44', 469, 457),
       (375, 4, 87, '2019-04-29 10:57:57', 520, 516),
       (376, 16, 64, '2019-04-29 12:23:15', 513, 497),
       (377, 18, 42, '2019-04-29 15:03:53', 506, 488),
       (378, 1, 58, '2019-04-30 12:29:54', 521, 520),
       (379, 15, 83, '2019-04-30 15:39:36', 510, 495),
       (380, 12, 63, '2019-05-01 04:24:18', 504, 492),
       (381, 18, 3, '2019-05-01 11:05:30', 481, 463),
       (382, 20, 86, '2019-05-01 15:16:32', 462, 442),
       (383, 1, 78, '2019-05-01 21:05:36', 486, 485),
       (384, 18, 25, '2019-05-02 01:43:41', 499, 481),
       (385, 20, 81, '2019-05-02 02:12:57', 498, 478),
       (386, 16, 49, '2019-05-02 06:34:26', 486, 470),
       (387, 20, 15, '2019-05-02 09:34:58', 494, 474),
       (388, 20, 12, '2019-05-02 11:37:48', 519, 499),
       (389, 8, 39, '2019-05-02 16:08:41', 499, 491),
       (390, 14, 78, '2019-05-04 05:21:47', 485, 471),
       (391, 8, 27, '2019-05-04 15:00:57', 484, 476),
       (392, 5, 64, '2019-05-04 16:52:34', 497, 492),
       (393, 19, 18, '2019-05-05 03:28:52', 487, 468),
       (394, 1, 97, '2019-05-05 03:40:18', 514, 513),
       (395, 4, 23, '2019-05-05 08:46:00', 503, 499),
       (396, 5, 61, '2019-05-05 13:03:35', 519, 514),
       (397, 12, 20, '2019-05-07 18:57:00', 530, 518),
       (398, 10, 46, '2019-05-08 04:43:09', 439, 429),
       (399, 16, 10, '2019-05-08 14:30:51', 527, 511),
       (400, 1, 14, '2019-05-08 18:28:34', 475, 474),
       (401, 17, 30, '2019-05-08 20:08:12', 514, 497),
       (402, 14, 61, '2019-05-08 21:14:17', 514, 500),
       (403, 18, 78, '2019-05-09 03:35:14', 471, 453),
       (404, 18, 76, '2019-05-09 16:53:54', 532, 514),
       (405, 14, 25, '2019-05-09 21:53:06', 481, 467),
       (406, 4, 94, '2019-05-10 09:18:17', 512, 508),
       (407, 1, 40, '2019-05-11 13:04:10', 515, 514),
       (408, 11, 26, '2019-05-11 15:41:15', 529, 518),
       (409, 11, 72, '2019-05-12 11:10:19', 499, 488),
       (410, 9, 19, '2019-05-12 14:13:53', 524, 515),
       (411, 7, 32, '2019-05-12 17:01:53', 520, 513),
       (412, 2, 57, '2019-05-13 17:40:52', 471, 469),
       (413, 18, 69, '2019-05-13 18:59:14', 485, 467),
       (414, 16, 34, '2019-05-13 21:17:51', 496, 480),
       (415, 9, 51, '2019-05-13 22:19:02', 518, 509),
       (416, 3, 11, '2019-05-13 22:49:18', 518, 515),
       (417, 17, 42, '2019-05-13 22:50:43', 488, 471),
       (418, 15, 21, '2019-05-14 22:35:35', 454, 439),
       (419, 12, 39, '2019-05-15 03:11:14', 491, 479),
       (420, 7, 42, '2019-05-15 18:16:22', 471, 464),
       (421, 13, 100, '2019-05-15 21:13:12', 522, 509),
       (422, 7, 100, '2019-05-16 05:16:18', 509, 502),
       (423, 9, 32, '2019-05-16 18:04:12', 513, 504),
       (424, 17, 5, '2019-05-16 22:27:25', 494, 477),
       (425, 5, 13, '2019-05-17 03:14:50', 485, 480),
       (426, 12, 65, '2019-05-17 05:27:55', 495, 483),
       (427, 19, 34, '2019-05-17 11:37:01', 480, 461),
       (428, 6, 53, '2019-05-18 00:45:02', 502, 496),
       (429, 20, 76, '2019-05-19 14:12:18', 514, 494),
       (430, 5, 28, '2019-05-19 21:38:32', 527, 522),
       (431, 12, 70, '2019-05-20 01:50:19', 493, 481),
       (432, 2, 49, '2019-05-20 08:06:19', 470, 468),
       (433, 13, 23, '2019-05-20 12:06:35', 499, 486),
       (434, 1, 7, '2019-05-20 16:49:35', 533, 532),
       (435, 14, 65, '2019-05-20 21:19:59', 483, 469),
       (436, 13, 58, '2019-05-20 22:46:30', 520, 507),
       (437, 4, 8, '2019-05-21 04:04:08', 504, 500),
       (438, 9, 97, '2019-05-21 13:11:25', 513, 504),
       (439, 14, 42, '2019-05-21 17:32:26', 464, 450),
       (440, 17, 74, '2019-05-21 22:32:42', 538, 521),
       (441, 9, 68, '2019-05-22 06:39:52', 525, 516),
       (442, 12, 52, '2019-05-22 06:57:57', 432, 420),
       (443, 9, 10, '2019-05-22 10:30:52', 511, 502),
       (444, 13, 17, '2019-05-23 03:52:02', 521, 508),
       (445, 5, 25, '2019-05-23 05:28:44', 467, 462),
       (446, 7, 53, '2019-05-23 15:07:58', 496, 489),
       (447, 1, 22, '2019-05-24 07:00:45', 508, 507),
       (448, 13, 70, '2019-05-24 08:06:13', 481, 468),
       (449, 2, 46, '2019-05-24 13:19:02', 429, 427),
       (450, 17, 85, '2019-05-24 14:10:20', 516, 499),
       (451, 11, 56, '2019-05-25 04:38:34', 509, 498),
       (452, 1, 90, '2019-05-25 19:02:53', 522, 521),
       (453, 4, 28, '2019-05-26 00:42:03', 522, 518),
       (454, 13, 34, '2019-05-26 10:36:46', 461, 448),
       (455, 20, 44, '2019-05-27 13:18:18', 490, 470),
       (456, 10, 54, '2019-05-27 16:27:20', 494, 484),
       (457, 12, 88, '2019-05-27 19:29:31', 493, 481),
       (458, 14, 25, '2019-05-27 20:13:51', 462, 448),
       (459, 6, 88, '2019-05-28 12:37:53', 481, 475),
       (460, 10, 25, '2019-05-28 14:55:45', 448, 438),
       (461, 18, 24, '2019-05-28 21:55:53', 490, 472),
       (462, 18, 23, '2019-05-29 12:29:33', 486, 468),
       (463, 6, 80, '2019-05-29 16:13:19', 521, 515),
       (464, 15, 2, '2019-05-29 18:47:14', 505, 490),
       (465, 3, 77, '2019-05-29 20:09:57', 524, 521),
       (466, 19, 98, '2019-05-30 07:14:32', 506, 487),
       (467, 20, 29, '2019-05-30 17:46:12', 509, 489),
       (468, 20, 1, '2019-05-31 03:00:03', 516, 496),
       (469, 9, 24, '2019-06-01 08:58:07', 472, 463),
       (470, 19, 11, '2019-06-01 13:13:25', 515, 496),
       (471, 9, 81, '2019-06-01 14:28:06', 478, 469),
       (472, 8, 58, '2019-06-03 01:04:55', 507, 499),
       (473, 20, 44, '2019-06-03 06:27:19', 470, 450),
       (474, 14, 74, '2019-06-03 08:28:29', 521, 507),
       (475, 16, 61, '2019-06-03 23:49:20', 500, 484),
       (476, 14, 12, '2019-06-04 12:56:16', 499, 485),
       (477, 9, 37, '2019-06-04 22:32:00', 503, 494),
       (478, 15, 35, '2019-06-05 09:47:03', 498, 483),
       (479, 16, 18, '2019-06-05 18:34:51', 468, 452),
       (480, 16, 41, '2019-06-05 19:02:29', 515, 499),
       (481, 16, 76, '2019-06-06 07:52:01', 494, 478),
       (482, 15, 21, '2019-06-06 08:35:50', 439, 424),
       (483, 4, 85, '2019-06-07 03:05:51', 499, 495),
       (484, 2, 42, '2019-06-07 09:48:55', 450, 448),
       (485, 18, 75, '2019-06-07 16:21:32', 505, 487),
       (486, 11, 24, '2019-06-08 01:05:41', 463, 452),
       (487, 8, 17, '2019-06-08 08:58:13', 508, 500),
       (488, 17, 58, '2019-06-08 17:17:47', 499, 482),
       (489, 11, 10, '2019-06-09 03:04:27', 502, 491),
       (490, 4, 23, '2019-06-09 05:10:42', 468, 464),
       (491, 15, 88, '2019-06-09 21:31:07', 475, 460),
       (492, 14, 79, '2019-06-09 22:14:27', 500, 486),
       (493, 7, 58, '2019-06-10 08:08:17', 482, 475),
       (494, 7, 50, '2019-06-10 21:42:16', 501, 494),
       (495, 10, 64, '2019-06-11 03:01:57', 492, 482),
       (496, 4, 13, '2019-06-11 07:07:37', 480, 476),
       (497, 14, 85, '2019-06-11 14:22:10', 495, 481),
       (498, 14, 24, '2019-06-12 04:47:36', 452, 438),
       (499, 17, 68, '2019-06-12 16:47:15', 516, 499),
       (500, 11, 38, '2019-06-12 23:06:19', 502, 491),
       (501, 8, 34, '2019-06-13 21:54:26', 448, 440),
       (502, 15, 58, '2019-06-15 00:26:06', 475, 460),
       (503, 19, 67, '2019-06-15 09:35:39', 488, 469),
       (504, 9, 82, '2019-06-15 11:29:36', 457, 448),
       (505, 5, 84, '2019-06-15 20:23:25', 502, 497),
       (506, 18, 100, '2019-06-16 10:19:33', 502, 484),
       (507, 2, 93, '2019-06-16 12:31:51', 500, 498),
       (508, 11, 74, '2019-06-16 20:25:19', 507, 496),
       (509, 8, 1, '2019-06-17 14:22:18', 496, 488),
       (510, 14, 24, '2019-06-17 20:18:09', 438, 424),
       (511, 10, 93, '2019-06-18 11:36:51', 498, 488),
       (512, 11, 18, '2019-06-18 17:33:53', 452, 441),
       (513, 9, 54, '2019-06-19 12:01:42', 484, 475),
       (514, 13, 72, '2019-06-19 18:36:40', 488, 475),
       (515, 13, 99, '2019-06-20 04:32:33', 492, 479),
       (516, 18, 10, '2019-06-20 05:45:30', 491, 473),
       (517, 4, 75, '2019-06-20 06:51:16', 487, 483),
       (518, 7, 56, '2019-06-20 15:57:53', 498, 491),
       (519, 19, 67, '2019-06-21 01:01:03', 469, 450),
       (520, 14, 85, '2019-06-21 15:32:11', 481, 467),
       (521, 7, 1, '2019-06-21 17:24:23', 488, 481),
       (522, 2, 8, '2019-06-21 18:12:52', 500, 498),
       (523, 10, 97, '2019-06-21 20:17:56', 504, 494),
       (524, 1, 97, '2019-06-22 19:39:39', 494, 493),
       (525, 7, 98, '2019-06-22 22:53:56', 487, 480),
       (526, 9, 58, '2019-06-23 02:24:17', 460, 451),
       (527, 7, 10, '2019-06-23 07:00:06', 473, 466),
       (528, 20, 66, '2019-06-25 01:04:47', 511, 491),
       (529, 8, 50, '2019-06-26 00:25:16', 494, 486),
       (530, 14, 62, '2019-06-26 03:48:28', 513, 499),
       (531, 20, 42, '2019-06-26 09:45:54', 448, 428),
       (532, 10, 83, '2019-06-26 16:16:42', 495, 485),
       (533, 13, 41, '2019-06-26 16:31:40', 499, 486),
       (534, 16, 29, '2019-06-27 12:27:57', 489, 473),
       (535, 4, 12, '2019-06-27 14:55:20', 485, 481),
       (536, 1, 89, '2019-06-29 00:39:04', 461, 460),
       (537, 9, 31, '2019-06-29 00:43:38', 451, 442),
       (538, 14, 89, '2019-06-29 01:11:58', 460, 446),
       (539, 17, 19, '2019-06-29 01:30:35', 515, 498),
       (540, 8, 73, '2019-06-29 04:26:13', 529, 521),
       (541, 4, 74, '2019-06-29 11:31:03', 496, 492),
       (542, 10, 43, '2019-06-29 14:36:35', 540, 530),
       (543, 1, 14, '2019-06-30 01:22:09', 474, 473),
       (544, 18, 49, '2019-06-30 03:55:49', 468, 450),
       (545, 20, 55, '2019-06-30 04:38:00', 491, 471),
       (546, 1, 89, '2019-06-30 06:17:08', 446, 445),
       (547, 20, 10, '2019-06-30 10:48:06', 466, 446),
       (548, 15, 2, '2019-07-01 08:30:53', 490, 475),
       (549, 1, 53, '2019-07-01 15:15:22', 489, 488),
       (550, 3, 63, '2019-07-01 19:12:07', 492, 489),
       (551, 19, 25, '2019-07-02 06:17:42', 438, 419),
       (552, 1, 47, '2019-07-02 14:35:21', 444, 443),
       (553, 1, 64, '2019-07-03 16:37:52', 482, 481),
       (554, 18, 19, '2019-07-03 16:58:11', 498, 480),
       (555, 14, 11, '2019-07-03 18:30:29', 496, 482),
       (556, 6, 34, '2019-07-03 20:55:56', 440, 434),
       (557, 5, 84, '2019-07-04 12:37:39', 497, 492),
       (558, 16, 98, '2019-07-04 18:01:48', 480, 464),
       (559, 13, 95, '2019-07-04 18:53:19', 468, 455),
       (560, 8, 18, '2019-07-04 21:30:37', 441, 433),
       (561, 17, 74, '2019-07-04 22:35:04', 492, 475),
       (562, 8, 65, '2019-07-05 10:32:23', 469, 461),
       (563, 14, 55, '2019-07-05 21:17:22', 471, 457),
       (564, 6, 60, '2019-07-06 00:32:44', 442, 436),
       (565, 2, 29, '2019-07-06 16:47:06', 473, 471),
       (566, 7, 92, '2019-07-07 04:46:24', 476, 469),
       (567, 19, 95, '2019-07-07 10:21:05', 455, 436),
       (568, 14, 25, '2019-07-07 10:48:54', 419, 405),
       (569, 12, 1, '2019-07-07 16:58:16', 481, 469),
       (570, 20, 76, '2019-07-09 21:04:50', 478, 458),
       (571, 2, 17, '2019-07-10 01:03:41', 500, 498),
       (572, 1, 1, '2019-07-10 01:19:47', 469, 468),
       (573, 17, 41, '2019-07-10 03:21:55', 486, 469),
       (574, 16, 19, '2019-07-10 15:26:26', 480, 464),
       (575, 4, 4, '2019-07-10 21:28:06', 511, 507),
       (576, 14, 33, '2019-07-11 08:05:42', 497, 483),
       (577, 6, 52, '2019-07-11 15:56:46', 420, 414),
       (578, 18, 47, '2019-07-12 06:43:00', 443, 425),
       (579, 15, 89, '2019-07-12 06:43:37', 445, 430),
       (580, 13, 28, '2019-07-12 12:17:03', 518, 505),
       (581, 15, 45, '2019-07-12 19:35:12', 445, 430),
       (582, 6, 25, '2019-07-12 22:02:44', 405, 399),
       (583, 1, 64, '2019-07-13 08:09:05', 481, 480),
       (584, 8, 89, '2019-07-13 10:39:24', 430, 422),
       (585, 16, 85, '2019-07-13 15:25:02', 467, 451),
       (586, 16, 28, '2019-07-14 15:54:02', 505, 489),
       (587, 14, 8, '2019-07-15 10:15:11', 498, 484),
       (588, 2, 35, '2019-07-15 12:32:15', 483, 481),
       (589, 6, 42, '2019-07-16 04:12:04', 428, 422),
       (590, 8, 83, '2019-07-16 08:38:47', 485, 477),
       (591, 18, 6, '2019-07-16 09:08:11', 528, 510),
       (592, 20, 41, '2019-07-16 11:01:48', 469, 449),
       (593, 1, 12, '2019-07-16 12:16:45', 481, 480),
       (594, 14, 27, '2019-07-16 23:22:11', 476, 462),
       (595, 20, 93, '2019-07-16 23:57:58', 488, 468),
       (596, 20, 4, '2019-07-17 12:04:43', 507, 487),
       (597, 5, 6, '2019-07-18 11:21:55', 510, 505),
       (598, 15, 85, '2019-07-19 18:30:33', 451, 436),
       (599, 4, 4, '2019-07-19 19:01:30', 487, 483),
       (600, 1, 98, '2019-07-19 21:35:48', 464, 463),
       (601, 18, 69, '2019-07-20 20:07:22', 467, 449),
       (602, 12, 42, '2019-07-21 00:39:39', 422, 410),
       (603, 8, 70, '2019-07-21 05:37:09', 468, 460),
       (604, 10, 13, '2019-07-21 16:15:13', 476, 466),
       (605, 13, 35, '2019-07-21 17:22:40', 481, 468),
       (606, 20, 29, '2019-07-21 19:07:13', 471, 451),
       (607, 8, 54, '2019-07-22 07:39:37', 475, 467),
       (608, 2, 56, '2019-07-23 15:18:50', 491, 489),
       (609, 10, 61, '2019-07-23 17:49:27', 484, 474),
       (610, 4, 29, '2019-07-24 01:48:21', 451, 447),
       (611, 10, 81, '2019-07-24 16:37:37', 469, 459),
       (612, 4, 74, '2019-07-25 08:27:24', 475, 471),
       (613, 5, 51, '2019-07-25 18:14:15', 509, 504),
       (614, 10, 97, '2019-07-25 22:57:28', 493, 483),
       (615, 10, 50, '2019-07-26 02:49:05', 486, 476),
       (616, 4, 3, '2019-07-26 19:09:49', 463, 459),
       (617, 15, 10, '2019-07-27 01:52:27', 446, 431),
       (618, 10, 46, '2019-07-27 15:02:46', 427, 417),
       (619, 14, 15, '2019-07-27 21:28:47', 474, 460),
       (620, 11, 78, '2019-07-28 01:55:35', 453, 442),
       (621, 15, 95, '2019-07-28 14:40:44', 436, 421),
       (622, 2, 18, '2019-07-28 21:12:17', 433, 431),
       (623, 10, 86, '2019-07-29 00:42:55', 442, 432),
       (624, 9, 73, '2019-07-29 05:46:57', 521, 512),
       (625, 8, 32, '2019-07-30 11:43:18', 504, 496),
       (626, 11, 59, '2019-07-30 13:58:15', 509, 498),
       (627, 20, 39, '2019-07-30 19:37:47', 479, 459),
       (628, 20, 55, '2019-07-30 23:02:44', 457, 437),
       (629, 2, 39, '2019-07-31 00:48:09', 459, 457),
       (630, 19, 68, '2019-07-31 05:28:47', 499, 480),
       (631, 16, 52, '2019-07-31 05:45:49', 414, 398),
       (632, 7, 67, '2019-07-31 15:53:46', 450, 443),
       (633, 20, 5, '2019-08-01 06:57:25', 477, 457),
       (634, 16, 81, '2019-08-01 11:43:12', 459, 443),
       (635, 10, 8, '2019-08-01 13:47:48', 484, 474),
       (636, 15, 5, '2019-08-01 13:57:07', 457, 442),
       (637, 11, 74, '2019-08-01 16:11:00', 471, 460),
       (638, 2, 37, '2019-08-01 19:38:01', 494, 492),
       (639, 14, 3, '2019-08-02 03:36:57', 459, 445),
       (640, 13, 50, '2019-08-02 05:07:23', 476, 463),
       (641, 7, 60, '2019-08-02 18:15:15', 436, 429),
       (642, 15, 63, '2019-08-02 22:44:49', 489, 474),
       (643, 4, 48, '2019-08-02 23:56:32', 507, 503),
       (644, 1, 82, '2019-08-03 00:15:21', 448, 447),
       (645, 9, 66, '2019-08-03 12:52:50', 491, 482),
       (646, 15, 36, '2019-08-04 04:19:04', 500, 485),
       (647, 2, 80, '2019-08-04 05:52:24', 515, 513),
       (648, 7, 84, '2019-08-04 08:21:35', 492, 485),
       (649, 16, 39, '2019-08-04 10:52:12', 457, 441),
       (650, 14, 93, '2019-08-04 16:58:13', 468, 454),
       (651, 16, 46, '2019-08-06 02:33:41', 417, 401),
       (652, 15, 97, '2019-08-06 11:49:03', 483, 468),
       (653, 15, 53, '2019-08-06 12:54:49', 488, 473),
       (654, 4, 78, '2019-08-06 20:51:39', 442, 438),
       (655, 8, 56, '2019-08-07 08:54:00', 489, 481),
       (656, 17, 83, '2019-08-07 09:54:38', 477, 460),
       (657, 1, 34, '2019-08-07 14:42:23', 434, 433),
       (658, 10, 25, '2019-08-07 17:26:14', 399, 389),
       (659, 2, 77, '2019-08-07 19:13:46', 521, 519),
       (660, 3, 43, '2019-08-08 01:23:01', 530, 527),
       (661, 12, 11, '2019-08-08 02:49:06', 482, 470),
       (662, 2, 95, '2019-08-08 13:33:38', 421, 419),
       (663, 19, 9, '2019-08-08 14:58:39', 520, 501),
       (664, 13, 48, '2019-08-08 15:24:49', 503, 490),
       (665, 16, 13, '2019-08-08 18:41:11', 466, 450),
       (666, 20, 26, '2019-08-09 11:50:17', 518, 498),
       (667, 16, 74, '2019-08-09 14:05:46', 460, 444),
       (668, 6, 14, '2019-08-09 19:11:48', 473, 467),
       (669, 9, 31, '2019-08-10 01:13:08', 442, 433),
       (670, 18, 69, '2019-08-10 10:43:23', 449, 431),
       (671, 16, 70, '2019-08-10 11:51:29', 460, 444),
       (672, 15, 18, '2019-08-12 04:51:40', 431, 416),
       (673, 7, 70, '2019-08-12 09:40:10', 444, 437),
       (674, 8, 29, '2019-08-12 15:04:45', 447, 439),
       (675, 16, 94, '2019-08-12 18:27:13', 508, 492),
       (676, 19, 72, '2019-08-13 16:48:05', 475, 456),
       (677, 18, 69, '2019-08-13 20:14:31', 431, 413),
       (678, 13, 55, '2019-08-14 05:26:32', 437, 424),
       (679, 17, 74, '2019-08-15 05:14:11', 444, 427),
       (680, 17, 99, '2019-08-15 19:42:08', 479, 462),
       (681, 7, 48, '2019-08-16 07:17:48', 490, 483),
       (682, 10, 19, '2019-08-17 05:54:51', 464, 454),
       (683, 15, 13, '2019-08-17 17:33:09', 450, 435),
       (684, 16, 41, '2019-08-18 04:34:14', 449, 433),
       (685, 6, 60, '2019-08-18 09:40:45', 429, 423),
       (686, 15, 96, '2019-08-19 03:43:28', 521, 506),
       (687, 1, 41, '2019-08-19 10:16:38', 433, 432),
       (688, 1, 1, '2019-08-19 14:02:39', 468, 467),
       (689, 9, 71, '2019-08-20 07:20:21', 467, 458),
       (690, 3, 71, '2019-08-20 11:47:19', 458, 455),
       (691, 16, 45, '2019-08-20 23:08:48', 430, 414),
       (692, 6, 25, '2019-08-21 03:02:16', 389, 383),
       (693, 10, 52, '2019-08-21 03:49:57', 398, 388),
       (694, 14, 9, '2019-08-22 05:42:46', 501, 487),
       (695, 16, 1, '2019-08-22 12:27:24', 467, 451),
       (696, 4, 96, '2019-08-22 22:34:38', 506, 502),
       (697, 15, 1, '2019-08-23 06:10:32', 451, 436),
       (698, 15, 14, '2019-08-23 23:59:56', 467, 452),
       (699, 6, 29, '2019-08-24 02:45:24', 439, 433),
       (700, 1, 80, '2019-08-25 07:48:04', 513, 512),
       (701, 15, 9, '2019-08-26 03:45:33', 487, 472),
       (702, 14, 93, '2019-08-26 09:13:43', 454, 440),
       (703, 8, 82, '2019-08-27 06:41:48', 447, 439),
       (704, 7, 88, '2019-08-27 10:17:49', 460, 453),
       (705, 19, 57, '2019-08-27 13:31:46', 469, 450),
       (706, 12, 49, '2019-08-27 14:00:15', 450, 438),
       (707, 9, 39, '2019-08-27 20:48:50', 441, 432),
       (708, 11, 50, '2019-08-29 08:06:40', 463, 452),
       (709, 2, 27, '2019-08-29 11:06:59', 462, 460),
       (710, 13, 71, '2019-08-29 11:35:05', 455, 442),
       (711, 2, 98, '2019-08-29 12:40:07', 463, 461),
       (712, 8, 2, '2019-08-29 23:13:05', 475, 467),
       (713, 9, 70, '2019-08-30 03:04:52', 437, 428),
       (714, 20, 86, '2019-08-30 21:14:57', 432, 412),
       (715, 6, 35, '2019-08-30 23:34:15', 468, 462),
       (716, 14, 23, '2019-08-31 10:39:05', 464, 450),
       (717, 3, 26, '2019-09-01 04:23:16', 498, 495),
       (718, 3, 40, '2019-09-01 19:47:28', 514, 511),
       (719, 9, 63, '2019-09-02 05:31:28', 474, 465),
       (720, 2, 18, '2019-09-02 14:03:40', 416, 414),
       (721, 18, 12, '2019-09-02 17:21:15', 480, 462),
       (722, 8, 4, '2019-09-02 18:53:57', 483, 475),
       (723, 4, 45, '2019-09-03 13:12:48', 414, 410),
       (724, 12, 75, '2019-09-03 18:27:21', 483, 471),
       (725, 18, 47, '2019-09-04 00:34:35', 425, 407),
       (726, 9, 76, '2019-09-04 22:16:39', 458, 449),
       (727, 8, 83, '2019-09-05 03:55:10', 460, 452),
       (728, 17, 88, '2019-09-05 09:26:24', 453, 436),
       (729, 7, 78, '2019-09-05 11:34:03', 438, 431),
       (730, 1, 16, '2019-09-05 13:11:30', 517, 516),
       (731, 10, 38, '2019-09-05 18:18:16', 491, 481),
       (732, 9, 83, '2019-09-06 09:24:13', 452, 443),
       (733, 18, 71, '2019-09-06 14:44:19', 442, 424),
       (734, 19, 58, '2019-09-06 21:58:55', 451, 432),
       (735, 16, 44, '2019-09-06 22:02:49', 450, 434),
       (736, 4, 77, '2019-09-07 03:20:59', 519, 515),
       (737, 2, 37, '2019-09-07 09:44:43', 492, 490),
       (738, 9, 96, '2019-09-07 17:06:24', 502, 493),
       (739, 13, 66, '2019-09-07 22:48:08', 482, 469),
       (740, 3, 75, '2019-09-08 02:06:43', 471, 468),
       (741, 14, 78, '2019-09-08 21:47:49', 431, 417),
       (742, 3, 54, '2019-09-08 22:30:54', 467, 464),
       (743, 15, 18, '2019-09-09 01:06:53', 414, 399),
       (744, 8, 85, '2019-09-09 05:47:09', 436, 428),
       (745, 9, 92, '2019-09-09 09:21:56', 469, 460),
       (746, 3, 2, '2019-09-09 10:18:33', 467, 464),
       (747, 11, 78, '2019-09-09 19:15:47', 417, 406),
       (748, 13, 34, '2019-09-09 23:43:13', 433, 420),
       (749, 18, 55, '2019-09-10 00:32:07', 424, 406),
       (750, 11, 92, '2019-09-11 19:31:08', 460, 449),
       (751, 19, 52, '2019-09-11 21:10:20', 388, 369),
       (752, 4, 24, '2019-09-11 22:25:17', 424, 420),
       (753, 9, 92, '2019-09-12 03:47:03', 449, 440),
       (754, 7, 69, '2019-09-12 07:56:41', 413, 406),
       (755, 4, 53, '2019-09-13 01:30:52', 473, 469),
       (756, 14, 80, '2019-09-13 10:09:03', 512, 498),
       (757, 19, 84, '2019-09-13 12:03:00', 485, 466),
       (758, 9, 87, '2019-09-13 18:41:05', 516, 507),
       (759, 7, 70, '2019-09-14 16:35:51', 428, 421),
       (760, 20, 37, '2019-09-14 22:28:37', 490, 470),
       (761, 9, 60, '2019-09-15 18:12:24', 423, 414),
       (762, 2, 96, '2019-09-15 20:13:13', 493, 491),
       (763, 3, 57, '2019-09-15 21:29:55', 450, 447),
       (764, 15, 13, '2019-09-15 21:38:12', 435, 420),
       (765, 12, 85, '2019-09-16 03:20:33', 428, 416),
       (766, 20, 50, '2019-09-16 05:04:04', 452, 432),
       (767, 9, 34, '2019-09-16 06:15:21', 420, 411),
       (768, 11, 83, '2019-09-16 08:43:04', 443, 432),
       (769, 7, 43, '2019-09-16 19:27:03', 527, 520),
       (770, 11, 6, '2019-09-16 20:02:59', 505, 494),
       (771, 4, 92, '2019-09-17 00:22:50', 440, 436),
       (772, 12, 18, '2019-09-17 22:01:05', 399, 387),
       (773, 3, 38, '2019-09-18 07:02:39', 481, 478),
       (774, 4, 90, '2019-09-18 13:02:00', 521, 517),
       (775, 4, 80, '2019-09-19 20:09:39', 498, 494),
       (776, 15, 96, '2019-09-20 01:02:16', 491, 476),
       (777, 7, 30, '2019-09-20 12:58:32', 497, 490),
       (778, 17, 62, '2019-09-20 16:55:39', 499, 482),
       (779, 8, 7, '2019-09-21 20:56:22', 532, 524),
       (780, 9, 36, '2019-09-21 22:01:17', 485, 476),
       (781, 20, 63, '2019-09-22 07:47:20', 465, 445),
       (782, 8, 75, '2019-09-22 11:50:08', 468, 460),
       (783, 2, 34, '2019-09-22 14:12:33', 411, 409),
       (784, 20, 50, '2019-09-23 00:48:55', 432, 412),
       (785, 10, 83, '2019-09-24 02:20:33', 432, 422),
       (786, 10, 85, '2019-09-24 03:19:22', 416, 406),
       (787, 5, 45, '2019-09-24 09:00:41', 410, 405),
       (788, 19, 56, '2019-09-24 19:02:31', 481, 462),
       (789, 17, 43, '2019-09-25 05:50:59', 520, 503),
       (790, 4, 63, '2019-09-25 10:47:58', 445, 441),
       (791, 17, 83, '2019-09-26 07:28:57', 422, 405),
       (792, 18, 83, '2019-09-26 09:42:02', 405, 387),
       (793, 14, 63, '2019-09-26 16:41:08', 441, 427),
       (794, 20, 15, '2019-09-26 17:54:27', 460, 440),
       (795, 4, 70, '2019-09-27 10:20:15', 421, 417),
       (796, 8, 47, '2019-09-27 13:31:30', 407, 399),
       (797, 19, 58, '2019-09-27 14:18:21', 432, 413),
       (798, 1, 22, '2019-09-27 23:38:58', 507, 506),
       (799, 14, 99, '2019-09-27 23:44:02', 462, 448),
       (800, 4, 29, '2019-09-28 16:31:12', 433, 429),
       (801, 17, 90, '2019-09-28 22:47:06', 517, 500),
       (802, 4, 3, '2019-09-29 01:12:06', 445, 441),
       (803, 4, 56, '2019-09-29 07:01:26', 462, 458),
       (804, 8, 45, '2019-09-29 14:22:09', 405, 397),
       (805, 20, 62, '2019-09-30 06:56:41', 482, 462),
       (806, 20, 46, '2019-09-30 08:11:36', 401, 381),
       (807, 17, 5, '2019-09-30 08:18:14', 442, 425),
       (808, 11, 70, '2019-10-01 08:19:23', 417, 406),
       (809, 4, 49, '2019-10-01 10:41:39', 438, 434),
       (810, 19, 49, '2019-10-01 11:46:34', 434, 415),
       (811, 1, 23, '2019-10-01 13:43:50', 450, 449),
       (812, 12, 93, '2019-10-01 18:54:47', 440, 428),
       (813, 19, 35, '2019-10-01 19:06:31', 462, 443),
       (814, 2, 41, '2019-10-02 01:14:14', 432, 430),
       (815, 10, 20, '2019-10-02 07:21:21', 518, 508),
       (816, 15, 48, '2019-10-02 07:42:30', 483, 468),
       (817, 12, 36, '2019-10-02 09:56:47', 476, 464),
       (818, 7, 69, '2019-10-02 10:02:38', 406, 399),
       (819, 13, 98, '2019-10-02 20:16:00', 461, 448),
       (820, 2, 72, '2019-10-02 21:36:01', 456, 454),
       (821, 3, 86, '2019-10-02 23:03:07', 412, 409),
       (822, 15, 61, '2019-10-04 15:53:38', 474, 459),
       (823, 3, 83, '2019-10-04 15:53:39', 387, 384),
       (824, 17, 40, '2019-10-05 15:46:05', 511, 494),
       (825, 15, 43, '2019-10-05 22:39:04', 503, 488),
       (826, 17, 43, '2019-10-06 12:12:23', 488, 471),
       (827, 1, 98, '2019-10-06 20:26:54', 448, 447),
       (828, 16, 68, '2019-10-07 05:32:44', 480, 464),
       (829, 6, 81, '2019-10-07 12:32:13', 443, 437),
       (830, 11, 92, '2019-10-07 16:49:49', 436, 425),
       (831, 15, 83, '2019-10-07 17:53:49', 384, 369),
       (832, 19, 42, '2019-10-08 05:15:37', 410, 391),
       (833, 12, 24, '2019-10-08 11:07:21', 420, 408),
       (834, 13, 30, '2019-10-08 19:40:55', 490, 477),
       (835, 20, 42, '2019-10-08 20:07:19', 391, 371),
       (836, 8, 30, '2019-10-09 06:06:58', 477, 469),
       (837, 8, 15, '2019-10-09 10:42:43', 440, 432),
       (838, 16, 17, '2019-10-09 15:13:51', 498, 482),
       (839, 11, 78, '2019-10-10 09:36:56', 406, 395),
       (840, 20, 84, '2019-10-10 14:07:49', 466, 446),
       (841, 10, 76, '2019-10-10 19:58:59', 449, 439),
       (842, 11, 97, '2019-10-11 00:46:45', 468, 457),
       (843, 2, 74, '2019-10-11 00:54:24', 427, 425),
       (844, 12, 84, '2019-10-11 01:18:21', 446, 434),
       (845, 1, 26, '2019-10-11 02:10:45', 495, 494),
       (846, 8, 38, '2019-10-11 02:54:31', 478, 470),
       (847, 20, 78, '2019-10-11 10:09:19', 395, 375),
       (848, 15, 99, '2019-10-11 14:53:20', 448, 433),
       (849, 18, 15, '2019-10-12 07:24:42', 432, 414),
       (850, 1, 7, '2019-10-12 10:21:59', 524, 523),
       (851, 13, 10, '2019-10-13 04:37:29', 431, 418),
       (852, 17, 96, '2019-10-15 04:56:45', 476, 459),
       (853, 11, 47, '2019-10-15 06:01:23', 399, 388),
       (854, 5, 93, '2019-10-15 14:40:36', 428, 423),
       (855, 1, 97, '2019-10-15 15:31:33', 457, 456),
       (856, 4, 5, '2019-10-19 03:33:58', 425, 421),
       (857, 11, 77, '2019-10-19 12:54:10', 515, 504),
       (858, 1, 2, '2019-10-19 15:06:22', 464, 463),
       (859, 15, 44, '2019-10-20 02:11:50', 434, 419),
       (860, 11, 97, '2019-10-20 22:20:03', 456, 445),
       (861, 14, 10, '2019-10-21 07:26:47', 418, 404),
       (862, 6, 83, '2019-10-21 15:10:17', 369, 363),
       (863, 6, 20, '2019-10-21 22:06:58', 508, 502),
       (864, 14, 2, '2019-10-22 04:38:38', 463, 449),
       (865, 16, 56, '2019-10-22 06:50:59', 458, 442),
       (866, 13, 74, '2019-10-23 23:54:28', 425, 412),
       (867, 7, 95, '2019-10-24 12:57:59', 419, 412),
       (868, 1, 50, '2019-10-25 00:55:10', 412, 411),
       (869, 20, 11, '2019-10-25 03:58:30', 470, 450),
       (870, 4, 35, '2019-10-25 04:20:05', 443, 439),
       (871, 9, 95, '2019-10-25 09:16:37', 412, 403),
       (872, 9, 15, '2019-10-25 12:38:55', 414, 405),
       (873, 20, 72, '2019-10-26 05:02:59', 454, 434),
       (874, 2, 80, '2019-10-26 08:16:26', 494, 492),
       (875, 9, 73, '2019-10-26 18:48:25', 512, 503),
       (876, 14, 26, '2019-10-27 00:29:27', 494, 480),
       (877, 18, 44, '2019-10-27 01:49:26', 419, 401),
       (878, 10, 95, '2019-10-27 01:59:39', 403, 393),
       (879, 13, 52, '2019-10-28 12:28:37', 369, 356),
       (880, 7, 83, '2019-10-28 17:21:13', 363, 356),
       (881, 10, 18, '2019-10-29 09:15:55', 387, 377),
       (882, 8, 16, '2019-10-29 20:39:30', 516, 508),
       (883, 18, 84, '2019-10-30 03:16:32', 434, 416),
       (884, 6, 64, '2019-10-30 05:47:19', 480, 474),
       (885, 15, 33, '2019-10-30 08:39:55', 483, 468),
       (886, 18, 27, '2019-10-30 13:04:39', 460, 442),
       (887, 3, 75, '2019-10-30 20:58:03', 460, 457),
       (888, 19, 33, '2019-10-31 15:16:51', 468, 449),
       (889, 19, 46, '2019-11-01 07:34:22', 381, 362),
       (890, 3, 17, '2019-11-01 08:25:18', 482, 479),
       (891, 6, 94, '2019-11-02 09:38:57', 492, 486),
       (892, 14, 78, '2019-11-02 14:58:33', 375, 361),
       (893, 3, 42, '2019-11-02 23:38:53', 371, 368),
       (894, 8, 92, '2019-11-03 09:25:36', 425, 417),
       (895, 13, 69, '2019-11-03 10:24:37', 399, 386),
       (896, 2, 53, '2019-11-03 14:39:22', 469, 467),
       (897, 8, 18, '2019-11-03 16:33:01', 377, 369),
       (898, 8, 36, '2019-11-03 17:46:06', 464, 456),
       (899, 16, 58, '2019-11-04 00:18:32', 413, 397),
       (900, 13, 30, '2019-11-04 12:59:40', 469, 456),
       (901, 2, 10, '2019-11-04 19:43:54', 404, 402),
       (902, 7, 6, '2019-11-05 05:05:36', 494, 487),
       (903, 8, 23, '2019-11-05 07:43:01', 449, 441),
       (904, 19, 25, '2019-11-05 13:26:41', 383, 364),
       (905, 11, 94, '2019-11-05 19:47:29', 486, 475),
       (906, 19, 26, '2019-11-05 21:13:52', 480, 461),
       (907, 11, 62, '2019-11-06 02:58:33', 462, 451),
       (908, 9, 73, '2019-11-06 10:28:36', 503, 494),
       (909, 13, 47, '2019-11-06 12:00:40', 388, 375),
       (910, 2, 86, '2019-11-07 21:08:21', 409, 407),
       (911, 3, 89, '2019-11-07 23:17:21', 422, 419),
       (912, 11, 98, '2019-11-08 02:51:26', 447, 436),
       (913, 4, 42, '2019-11-08 07:12:18', 368, 364),
       (914, 4, 43, '2019-11-09 11:48:18', 471, 467),
       (915, 20, 43, '2019-11-09 13:13:15', 467, 447),
       (916, 3, 78, '2019-11-10 10:31:46', 361, 358),
       (917, 13, 13, '2019-11-10 15:31:49', 420, 407),
       (918, 5, 69, '2019-11-11 16:32:10', 386, 381),
       (919, 9, 73, '2019-11-12 04:05:31', 494, 485),
       (920, 1, 83, '2019-11-12 10:28:37', 356, 355),
       (921, 18, 19, '2019-11-13 01:33:36', 454, 436),
       (922, 7, 20, '2019-11-13 02:52:57', 502, 495),
       (923, 12, 79, '2019-11-13 09:19:43', 486, 474),
       (924, 3, 46, '2019-11-14 13:04:02', 362, 359),
       (925, 7, 93, '2019-11-14 18:39:42', 423, 416),
       (926, 13, 17, '2019-11-14 23:05:39', 479, 466),
       (927, 19, 98, '2019-11-15 06:10:07', 436, 417),
       (928, 3, 27, '2019-11-15 06:28:45', 442, 439),
       (929, 18, 13, '2019-11-15 06:58:58', 407, 389),
       (930, 10, 28, '2019-11-15 08:47:42', 489, 479),
       (931, 8, 38, '2019-11-16 02:29:26', 470, 462),
       (932, 14, 52, '2019-11-16 05:29:54', 356, 342),
       (933, 9, 88, '2019-11-16 06:53:42', 436, 427),
       (934, 16, 59, '2019-11-16 11:05:39', 498, 482),
       (935, 1, 24, '2019-11-16 17:53:53', 408, 407),
       (936, 3, 31, '2019-11-17 04:17:08', 433, 430),
       (937, 16, 79, '2019-11-17 09:45:22', 474, 458),
       (938, 2, 65, '2019-11-17 14:40:47', 461, 459),
       (939, 4, 63, '2019-11-17 16:43:35', 427, 423),
       (940, 3, 96, '2019-11-17 16:51:45', 459, 456),
       (941, 17, 34, '2019-11-17 17:56:04', 409, 392),
       (942, 17, 65, '2019-11-18 03:15:33', 459, 442),
       (943, 11, 8, '2019-11-18 03:34:13', 474, 463),
       (944, 16, 13, '2019-11-18 04:24:06', 389, 373),
       (945, 13, 82, '2019-11-19 09:06:16', 439, 426),
       (946, 5, 15, '2019-11-19 20:24:00', 405, 400),
       (947, 19, 26, '2019-11-20 05:50:54', 461, 442),
       (948, 2, 54, '2019-11-20 12:14:20', 464, 462),
       (949, 6, 54, '2019-11-22 06:37:30', 462, 456),
       (950, 7, 30, '2019-11-22 06:58:11', 456, 449),
       (951, 20, 77, '2019-11-22 15:31:17', 504, 484),
       (952, 10, 30, '2019-11-22 16:18:00', 449, 439),
       (953, 9, 10, '2019-11-23 04:57:57', 402, 393),
       (954, 16, 87, '2019-11-23 22:32:41', 507, 491),
       (955, 10, 10, '2019-11-24 10:56:19', 393, 383),
       (956, 20, 12, '2019-11-24 12:39:47', 462, 442),
       (957, 1, 75, '2019-11-24 18:03:52', 457, 456),
       (958, 8, 18, '2019-11-25 12:53:17', 369, 361),
       (959, 7, 54, '2019-11-25 16:23:37', 456, 449),
       (960, 10, 62, '2019-11-25 16:36:42', 451, 441),
       (961, 2, 59, '2019-11-26 02:13:50', 482, 480),
       (962, 9, 66, '2019-11-26 07:04:27', 469, 460),
       (963, 20, 55, '2019-11-26 11:51:07', 406, 386),
       (964, 14, 92, '2019-11-26 19:28:18', 417, 403),
       (965, 15, 30, '2019-11-27 13:29:46', 439, 424),
       (966, 15, 22, '2019-11-28 03:10:06', 506, 491),
       (967, 20, 61, '2019-11-28 05:06:09', 459, 439),
       (968, 6, 64, '2019-11-28 09:11:55', 474, 468),
       (969, 13, 4, '2019-11-28 14:46:54', 475, 462),
       (970, 6, 62, '2019-11-28 18:01:58', 441, 435),
       (971, 2, 41, '2019-11-29 03:13:41', 430, 428),
       (972, 9, 45, '2019-11-29 08:04:57', 397, 388),
       (973, 6, 9, '2019-11-29 15:39:27', 472, 466),
       (974, 2, 8, '2019-11-29 22:59:05', 463, 461),
       (975, 10, 82, '2019-11-30 07:50:15', 426, 416),
       (976, 5, 3, '2019-11-30 08:17:15', 441, 436),
       (977, 5, 98, '2019-11-30 19:00:05', 417, 412),
       (978, 11, 26, '2019-12-01 07:08:59', 442, 431),
       (979, 19, 66, '2019-12-01 23:45:23', 460, 441),
       (980, 7, 55, '2019-12-02 09:33:28', 386, 379),
       (981, 18, 25, '2019-12-02 20:02:01', 364, 346),
       (982, 18, 86, '2019-12-03 01:33:06', 407, 389),
       (983, 19, 92, '2019-12-03 15:21:18', 403, 384),
       (984, 6, 22, '2019-12-03 18:58:58', 491, 485),
       (985, 11, 90, '2019-12-03 20:16:47', 500, 489),
       (986, 5, 19, '2019-12-03 23:29:05', 436, 431),
       (987, 4, 37, '2019-12-04 06:56:11', 470, 466),
       (988, 14, 86, '2019-12-05 02:30:21', 389, 375),
       (989, 1, 53, '2019-12-05 04:50:55', 467, 466),
       (990, 16, 38, '2019-12-05 13:11:04', 462, 446),
       (991, 18, 76, '2019-12-05 17:22:13', 439, 421),
       (992, 1, 33, '2019-12-06 02:15:53', 449, 448),
       (993, 3, 81, '2019-12-06 12:38:42', 437, 434),
       (994, 20, 81, '2019-12-06 13:31:27', 434, 414),
       (995, 3, 88, '2019-12-06 18:39:59', 427, 424),
       (996, 2, 69, '2019-12-07 05:28:16', 381, 379),
       (997, 1, 11, '2019-12-08 01:14:11', 450, 449),
       (998, 1, 23, '2019-12-08 08:41:25', 441, 440),
       (999, 19, 61, '2019-12-08 13:39:14', 439, 420),
       (1000, 17, 40, '2019-12-08 16:41:16', 494, 477);

